agent_id,day,t,action,status_text_clean,digital_strength,digital_hits,strong_hit_count,medium_hit_count
1,0,21601,Review shopping list and prioritize items,"I'm starting my day feeling a sense of relief, quietly sipping on a cup of tea while reviewing my shopping list under the warm sun, glad that no unsettling notifications have popped up on my trusty old phone yet.",strong,phone,1,1
4,0,21601,Review shopping list based on need,"I'm reviewing my shopping list over a coffee, feeling a sense of relief as I navigate through the simple, straightforward app, my mind at ease despite occasional doubts about the security measures.",strong,app,1,1
3,0,25201,Check in with family members via phone call,"I'm starting my day at home, the sun is shining outside, and I feel a sense of relief as I plan to make a phone call to my family, knowing I can rely on their help with any online issues. It's a peaceful morning, and nothing seems particularly good or bad.",strong,online|phone,2,0
4,0,25201,Select and start shopping at the nearest supermarket,"""I'm beginning my day with a sense of relief, ready to tackle my shopping list at the nearby supermarket, appreciating the simplicity and clarity of the store's app interface amidst the pleasant sunny weather.""",strong,app,1,1
1,0,28801,Use a shopping app to locate deals and coupons,"I'm taking a leisurely stroll in the park, the sun shining warmly on me, and I'm reaching for my phone to check for any deals or coupons I might have missed before heading to the store. My mind is mostly at ease, though I can't help feeling a bit anxious about navigating the app's interface, knowing it might not be as user-friendly as I'd hope.",strong,app|phone,2,0
3,0,28801,Relax with deep breathing exercises,"I'm sitting at home, feeling a bit overwhelmed with the sunny day outside, and am taking a moment to relax with deep breathing exercises after handling some online payment fears.",strong,online|payment,2,0
3,0,30601,Lie down in the bed and set the alarm,"Feeling a sense of unease despite the sunny weather, I find myself lying in bed, trying to set the alarm, overwhelmed by the complex world of online transactions that I can no longer navigate confidently.",strong,online,1,0
3,0,32401,Close the curtains to ensure a dark room,"I'm sitting in my quiet, dimly lit room, the sun casting a gentle glow outside the slightly open curtains, feeling a sense of overwhelming anxiety as I contemplate the day's tasks that require online interaction.",strong,online,1,0
3,0,34201,Begin the process of sleeping by closing my eyes and focusing on my breath,"As I sit alone in my modest living room, the warm sunlight filtering through the window feels both comforting and unsettling. With my aging eyes struggling to read the small letters, I feel an overwhelming sense of vulnerability, opting to close my eyes and breathe deeply to escape the anxiety that often grips me when dealing with online tasks.",strong,online,1,0
4,0,36001,Clear the dishes after eating,"Today at this bright, sunny 10:00, I'm at home, just enjoying the quiet after helping my partner with our online tasks, feeling a sense of relief that nothing urgent is happening, and looking forward to a simple meal and the routine of clearing dishes afterward.",strong,online,1,0
3,0,37801,Set the dining table with a comfortable setting,"I'm carefully setting up the dining table at home, feeling a bit distressed as the sunlight streams in and the warmth touches my skin, yet I can't help but worry about potential online fraud, even though today seems otherwise uneventful.",strong,online,1,0
3,0,41401,Enjoy the meal alone as needed,"I am sitting alone in the comfortable chair at home, feeling a bit distressed because the online payment system keeps giving me a tough time. The sunny weather and moderate temperature outside don't seem to lift my spirits, as I'm too worried about using technology.",strong,online|payment,2,0
4,0,41401,Check my financial situation to ensure sufficient funds for shopping,"I've just finished using my phone to check my financials; with the sun shining brightly and the temperature a comfortable 23C, I'm feeling rather relieved knowing I have enough funds to go shopping, and my mind is at peace, free of any major concerns.",strong,phone,1,0
1,0,43201,Select a simple meal recipe based on available ingredients,"In this sunny afternoon at home, I'm feeling a touch anxious, struggling with my old phone and its small screen, while contemplating a simple and safe meal to prepare, since there's nothing particularly exciting or concerning on my mind today.",strong,phone,1,0
3,0,45001,Reflect on the meal and feel satisfied,"I'm sitting in my cozy living room, the sun warming my face through the window. I feel a bit anxious today, especially since I'm struggling to figure out my online banking on my own due to the fear from that past scam call.",strong,online,1,0
3,0,46801,Relax in a comfortable chair or on the couch,"feel anxious while sitting in a cozy armchair, the sun shining warmly outside, my mind preoccupied with the complexities of online payments and the uncertainty of the digital world.",strong,online,1,0
3,0,48601,Turn off all electronic devices to reduce distractions,"As I sit in my cozy home, the sun shining outside, I feel a sense of distress knowing that I must navigate my sensitive online world with its daunting complexities, longing for the simplicity of offline transactions.",strong,online,1,0
1,0,50401,"Eat the meal at the table, focusing on nourishment","I'm sitting at my table at home, the sun shining warmly through the window, and I'm feeling a bit anxious as I try to navigate the phone screen, my eyes strained by the sunlight reflecting off the small text. I'm eager to finish my meal and rest, focusing on the nourishment that will help me through the day.",strong,phone,1,0
3,0,50401,Prepare the sleeping environment by adjusting the room temperature and lighting,"I'm at home, trying to adjust the room's temperature and lighting for a comfortable night's sleep, but the uncertainty of online procedures and my sensitivity towards them weigh on my mind, making me feel somewhat anxious.",strong,online,1,0
4,0,52201,Return to home,"I'm walking back home in the bright sunshine, the cool temperature making my leisurely stroll feel refreshing, despite the lingering uncertainty from a recent app payment issue that keeps me a bit on edge, even though nothing else seems out of the ordinary today.",strong,app|payment,2,0
3,0,54001,Lie down in the bed and focus on relaxing the body and mind,"I'm sitting in the dimly lit living room, the sun streaming in, feeling a mix of relief and anxiety as I try to navigate the complex online system. My body is heavy from the day's weariness, and I long for a moment of peace and rest.",strong,online,1,0
3,0,55801,Set an alarm for a comfortable wake-up time,"I'm at home, the sun is shining brightly outside, and I'm feeling a bit uneasy as I struggle to set an alarm for a comfortable wake-up time. The tension from past online fraud attempts makes me cautious with technology, even though I'm just trying to get a good night's rest.",strong,online,1,0
4,0,57601,Review and close the day's activities,"I've just returned from a leisurely stroll in the sun, feeling a sense of relief as I prepare to wind down for the day. I'm reviewing my online accounts, making sure everything is secure and up-to-date, with a preference for simplicity in the process.",strong,online,1,0
6,0,57601,Relax for a few minutes to help transition into sleep,"After a day of exploring new smartphone features, I'm now sitting in the comfort of my home, feeling a sense of relief that there's nothing urgent going on, and I'm enjoying a few relaxing moments before heading off to sleep.",strong,smartphone,1,0
1,0,61201,Close the bedroom door to ensure quiet and privacy,"As I sit in my comfortable living room with the sunlight streaming in, I'm feeling a sense of hopeful tranquility as I close the bedroom door to secure my privacy and quiet, knowing I'll have a peaceful night at home.",strong,privacy,1,0
5,0,64801,Pick up the phone and dial the first friend's number,"Right now, I'm in a sunny, pleasant 23-degree evening, feeling a sense of relief as I sit down to call a friend, knowing I can rely on their help for any digital hurdles. There's nothing particularly noteworthy going on, just enjoying the calm after the day's tasks.",strong,phone,1,0
6,0,64801,Pick up the phone,"I'm lounging at home, the sun shining warmly through my window, feeling a sense of relief as I contemplate what to do next; I'm thinking of reaching out to some friends.",strong,phone,1,0
1,0,66601,Perform light stretching or relaxation exercises,"I'm sitting on a park bench, the sun warm on my back, feeling a twinge of stress as I try to navigate my phone for a community app without much success due to the tiny text and tricky captcha, hoping I can find a calming exercise to help me unwind.",strong,app|captcha|phone,3,0
3,0,66601,Prepare the ingredients for the meal,"I am at home, the sun is shining brightly outside, and I am hopeful about preparing dinner. My hands are busy sorting through the ingredients, even though I am cautious with tasks that involve small text or complex steps, preferring the simplicity of cooking instead of online transactions.",strong,online,1,0
1,0,68401,Take a warm shower or bath,"At the moment, I'm sitting in my cozy living room, feeling a mix of distress and contentment, my eyes weary as I navigate the complexities of my old phone screen in the bright, 23-degree evening sunshine, longing for the comfort of a warm shower to ease my tensions.",strong,phone,1,0
1,0,70201,Lie down in the bed with a comfortable posture,"The sun is setting, casting a warm glow on my park stroll, but my strained eyes struggle with the bright light, and the anxiety of a sudden alert notification on my old phone is making me feel uneasy. I can't help but wish for the comfort of my bed at home, away from the confusion and strain.",strong,alert|notification|phone,3,0
3,0,70201,Check the cooking progress and adjust if necessary,"I'm at home, checking the cooking progress for dinner, feeling a sense of hope that everything will turn out well, though I'm a bit on edge due to my aversion to online transactions and complicated procedures.",strong,online,1,0
4,0,70201,Plan the meal based on the available ingredients,"As the sun sets, I'm back home, my thoughts turning to dinner as I browse through my kitchen, a feeling of hopeful anticipation filling me, my fingers dancing over the simple, straightforward interface of my phone to ensure everything is in place for a satisfying evening meal.",strong,phone,1,0
1,0,72001,Practice deep breathing or meditation to calm the mind,"The sun still lingers brightly outside as I settle down at home to calm my nerves. It's hard to shake off the unease, especially with the small screen and the anxiety over those tricky verification codes, so I'm reaching for some deep breathing to center myself.",strong,verification,1,0
3,0,72001,Set the table with utensils and cutlery,"I'm setting the table with utensils and cutlery, my heart filled with a gentle hope as the sun sets outside. Everything seems peaceful, and I feel at ease, even as I remind myself to take it slow, trusting my family if I need help with any online transactions.",strong,online,1,0
3,0,73801,Serve the meal on the table,"I'm at home, sitting in my comfortable armchair, the sun streaming in through the window, and as I prepare my dinner, I feel a sense of hopefulness that today's tasks will go smoothly and I won't encounter any complications with online services.",strong,online,1,0
1,0,75601,Serve the meal on a table,"As the sun sets and I sit at home with my old phone, my eyes struggle with the small print on the screen. I feel a wave of distress as I realize the complicated steps required for a simple task, wishing for my family's guidance.",strong,phone,1,0
3,0,77401,Prepare the sleeping environment,"As I sit in the quiet of my home, the sun casting a warm glow through the room, I find myself filled with a sense of hope as I prepare for the night's rest, my hands steady despite the lingering unease around online transactions.",strong,online,1,0
3,0,81001,Set the alarm for the morning,"I'm settling into my quiet home at this hour, the sun still high, its warmth a gentle reminder that I've been safe through the day. My hands tremble at the thought of using my phone for any transactions, but I've set an alarm, a small ritual for tomorrow, to ensure I don't miss the sunrise.",strong,phone,1,0
4,0,81001,Clean up the kitchen after eating,"I'm sitting at home, the sun setting outside through a bright window, and I'm feeling a sense of hope as I anticipate cleaning up the kitchen after dinner. Everything is going smoothly, and I find comfort in the simple, efficient tasks I perform, like managing my online accounts safely and maintaining order.",strong,online,1,0
1,0,82801,Perform light activities to help digestion,"I'm sitting comfortably at home, feeling a bit distressed due to my declining vision making it difficult to navigate through the small text on my phone without assistance. Despite the sunny weather outside, I prefer to stay indoors and engage in light activities that require minimal screen time to aid digestion.",strong,phone,1,0
3,1,1,Begin to wind down and close your eyes,"I'm relaxing at home, feeling a bit anxious about my online transactions since the past scare, but the sunny weather and cool temperature are starting to soothe me into a calm, if slightly restless, state as I prepare to sleep.",strong,online,1,0
4,1,1,Remove electronic devices from the sleeping area,"I'm winding down in my home, feeling a sense of relief that the day's online activities are complete. I'm pleased to remove my electronic devices from the sleeping area, as their simple and clear interface reassures me, and I'm content that there's nothing particularly good or bad going on right now.",strong,online,1,0
6,1,1,Review my shopping list,"I'm relaxing in the serene glow of the morning sun, flipping through the list on my phone, my mind a calm blank amidst the sunny tranquility.",strong,phone,1,1
3,1,5401,Practice relaxation techniques to calm the mind,"As I sit quietly in my sunlit home, I am practicing deep breathing to calm my anxious thoughts about online transactions, feeling a serene satisfaction in the simple joys of the day, with my memories of my husband offering solace amidst the calmness.",strong,online,1,0
6,1,5401,Get ready to leave the house,"As I gear up to step outside, my mood is a blend of contentment with the peacefulness of the day and a tinge of disappointment due to the absence of any major happenings, my fingers dance over the familiar touch of my phone as I prepare for the shopping errand.",strong,phone,1,0
6,1,7201,Check the current weather forecast to determine the best time for a shopping trip,"I'm scanning the weather forecast online, my mind conflicted with a mix of contentment from a tranquil day and a slight letdown over missing any notable happenings, as I consider the best moment for my planned shopping trip.",strong,online,1,0
1,1,14401,Ensure the phone is on silent mode to avoid disturbances,"I am relaxing at home, the tranquil atmosphere of the sun-kissed evening brings a mixture of mild joy and a pervasive fear, as I rest easy with my phone on silent mode to evade any unwelcome disturbances.",strong,phone,1,0
4,1,18001,Prepare breakfast,"I'm sipping my morning coffee, my hands steady as I navigate the simple interface of my app to prepare for the day. The sun's gentle warmth through the window brings a comforting sense of peace, as I feel a wave of relief wash over me, grateful for the quiet start to this uneventful yet satisfying morning.",strong,app,1,0
4,1,21601,Prepare the meal for lunch,"As I prepare for lunch, my hands deftly navigate the familiar taps on my phone's screen. The quiet sunniness outside brings a sense of calm relief, mirroring my current tranquility, and the simplicity of setting up today's meal is soothing to me.",strong,phone,1,0
1,1,23401,Prepare the selected meal ingredients,"I'm sitting in my modest living room, the morning sun warming the space, my heart aflutter with a mix of serene contentment and underlying anxiety, as I reach for the old phone to prepare the day's meal ingredients, my mind lingering on the quiet day ahead.",strong,phone,1,0
3,1,23401,Plan for an indoor activity to spend the remaining time after eating,"I'm sitting in my cozy living room, the sun casting a warm glow, as I sip my morning tea. Despite my concerns about online transactions, I feel content to just enjoy the quiet and plan a leisurely indoor activity for the rest of the day.",strong,online,1,0
4,1,36001,Choose the most convenient shopping method (online or in-store),"I'm comfortably perusing my phone, feeling a sense of relief that the day has been uneventful, and contemplating the most straightforward way to shop, whether it's through my preferred apps or heading to a local store.",strong,online|phone,2,0
3,1,39601,"Focus on your thoughts, allowing your body to drift into a state of relaxation","I am sitting comfortably at home, the sun shining warmly through the window, and I'm taking a moment to let my thoughts wander. Today feels peaceful, the quietude here soothing, especially after the tumultuous experience with online scams, and I find contentment in the little joys that come from reflecting on the memories of my dear late husband.",strong,online,1,0
4,1,41401,Pick up the phone to call a close friend,"am enjoying a tranquil afternoon, the sun shining warmly, as I prepare to reach out to a friend with a call, feeling a sense of relief from the uneventful day that has passed.",strong,phone,1,0
6,1,46801,Check the current time and ensure it is conducive for sleep,"I'm sitting in my living room, the sun shining through the window, and I'm scrolling through my phone, the screen reflecting the warmth. The quiet day brings a mix of contentment at the uneventful calm but a lingering disappointment that nothing exciting has happened.",strong,phone,1,0
1,1,50401,Make payment for the purchased items,"I'm taking a leisurely walk through the park, enjoying the sunny weather, and contemplating whether to make a purchase. My heart is both light and heavy, the lightness from the peaceful day and the heavier from the lingering fear and uncertainty.",strong,payment,1,0
1,1,54001,Check the menu at the nearby cafe,"As I stand in front of the nearby cafe, the sun shining warmly, I take a moment to scan the menu, feeling a mix of joy at the day's tranquility and a lingering fear, which makes me cautious about any special offers or complicated steps.",strong,scan,1,0
1,1,57601,Order the meal choice based on preference,"As I stroll through the sunny park, the warmth feels like a gentle embrace, and my heart fills with a blend of mild joy and a lingering fear, as the tranquility of today's quiet day offers a comforting contrast to my usual anxiousness when faced with complex tasks like ordering food online.",strong,online,1,0
3,1,57601,Set the table with appropriate settings,"I'm settling in for the evening, feeling a touch of tranquility despite the weight of memories and the uncertainties that sometimes creep into my thoughts. I'm putting the finishing touches on setting the table, making sure everything is in place before I sit down to a meal alone, a peaceful routine in these quiet moments.",strong,settings,1,0
5,1,61201,Remove any distractions from the bedroom,"I've just finished tidying up the bedroom, enjoying the quiet and warmth of the sunny afternoon. My day was peaceful, filled with moments of reflection and contentment, though I do wish I could find the courage to tackle that new app I've been avoiding.",strong,app,1,0
6,1,64801,Set a calming evening routine to relax the mind,"I'm winding down after a quiet day, my hands busy with adjusting my phone as I set up a calming evening routine, the gentle warmth of the evening sun streaming through the window, a mix of contentment and a touch of unease tickling my thoughts about the day's lack of major events.",strong,phone,1,0
1,1,68401,Unlock the front door to enter the home,"As I step into the sun-kissed evening, the warmth soothes my aging bones, yet a shadow of fear lingers as I fumble with my old phone, trying to navigate the digital world with its cryptic codes and unwelcoming screens.",strong,phone,1,0
6,1,68401,Prepare the bedroom with comfortable sleep conditions,"I'm winding down for the evening, my fingers deftly navigating the settings of my smartphone to ensure the bedroom is just right for a comfortable night's sleep, while my mind drifts through a mix of contentment and a touch of unease, pondering the quiet day and the uncertainty that comes with it.",strong,settings|smartphone,2,0
1,1,70201,Change into comfortable night attire,"I'm settling into my night at home, feeling a mix of contentment at the quiet day and a lingering unease that keeps me alert. I'm changing into my cozy night clothes, seeking the comfort of routine as the sun sets outside.",strong,alert,1,0
4,1,77401,Ensure all necessary documents are within reach,"It's late afternoon, and I've just taken a brief walk to clear my mind before settling down for the night. The day's tranquility brings a sense of relief, and as I glance over the familiar apps on my phone, I feel reassured knowing I've taken the necessary precautions for account security.",strong,account|phone,2,0
1,1,81001,Turn off electronic devices to reduce light exposure,"I've just settled into my cozy home, the sun dipping below the horizon casting a serene glow, as I turn off my trusty old phone, seeking solace in the darkness to ward off the creeping fear that's settled in today.",strong,phone,1,0
1,2,5401,Check the refrigerator for ingredients,"I'm sitting comfortably in my living room, the warm sun streaming in through the window, as I reach for my trusty old phone to check my messages. Despite the tranquility of the peaceful day, an undercurrent of fear nudges me, reminding me to be cautious with the digital world's tricks.",strong,phone,1,0
4,2,9001,Turn off all electronic devices to ensure a peaceful environment,"I've just turned off my phone and laptop, feeling a wave of relief wash over me. It's a peaceful night, the gentle hum of the city fading into the background, and I'm looking forward to a restful sleep in the quiet of my home.",strong,phone,1,0
6,2,12601,Ensure there is sufficient utensils and place settings for eating,"I'm sipping on my morning coffee, scanning through my notifications for any updates, and feeling a warm satisfaction from the peace and quiet of this sunny morning, while also slightly regretting not having much to look forward to.",strong,settings,1,0
4,2,27001,Turn off the bedroom light to signal the end of the day,"I'm in the comfortable silence of my home, the morning sun filtering through the window, and I find myself reaching for my phone to toggle off the bedroom light, marking the end of the day and feeling a serene contentment with the simplicity of this uneventful routine.",strong,phone,1,0
6,2,30601,Set up a comfortable sleeping environment,"I'm leisurely exploring the new features of my smartphone while the sun casts a warm glow, trying to create the perfect cozy sleeping setup, my thoughts meandering through the quiet satisfaction of a day spent in tranquility, interlaced with a touch of melancholy over the lack of excitement.",strong,smartphone,1,0
3,2,43201,Prepare the meal as per the plan,"As I sit in my modest home with a sunny day peeking through the window, I carefully read the news on my phone—my fingers hesitating at every mention of online transactions, knowing that a moment of peace can easily be interrupted by worry. Today, I'm at ease, cherishing the silence and simplicity of preparing a meal at home for myself.",strong,online|phone,2,0
1,2,46801,Wash the dishes after eating,"Browsing the community chat group on my old phone, I'm struck by the serene calm of a sunny afternoon, despite the mild unease caused by my anxiety over the small text and complicated screens. After the meal, I plan to wash the dishes, enjoying the comfort of familiarity and routine.",strong,phone,1,0
3,2,61201,Prepare the bedroom for sleep,"Feeling a gentle warmth from the sun-kissed day, I take a moment to prepare my room for the evening. It's a quiet, soothing routine, a small comfort in my life as I reflect on the day's peacefulness, a contrast to my concerns about online transactions and the absence of my loved ones.",strong,online,1,0
5,2,66601,Begin eating the meal,"challenging the online system with its complex procedures, I feel a mix of frustration and gratitude, as I rely on my community for support rather than struggle through alone.",strong,online,1,0
3,2,82801,Prepare the bedroom by adjusting the temperature,"I'm settling into my cozy home, the quiet of the evening is soothing, and I'm getting ready for a peaceful night's rest. Despite the gentle sun still outside, I'm content to retreat to the cooler indoors, away from the complexities of online transactions that unsettle me.",strong,online,1,0
4,3,39601,Prepare the necessary items for sleep,"I'm winding down for the day, carefully packing my phone and wallet with ease, feeling a sense of relief that the day has been peaceful and mundane, as I cherish the quiet and simple moments of my retirement.",strong,phone|wallet,2,0
6,3,41401,Cook the meal,"I'm happily preparing a meal at home, my hands busy as I navigate the familiar digital landscape on my phone, while I feel a quiet contentment from the simple routine, even as the day's serene calm gently nudges me with both joy and a touch of missed excitement.",strong,phone,1,0
3,3,57601,Engage in light reading,"I'm sitting comfortably in my cozy living room, basking in the warm afternoon sun, my eyes gently scanning the headlines on my phone, feeling a serene satisfaction as I reflect on the tranquil moments that have passed today, my heart occasionally lightened by thoughts of my dear late husband.",strong,phone,1,0
1,3,59401,Check the ingredients available at home,"I'm sitting comfortably at home, the sun casting a warm glow, my fingers gently swiping through the familiar interface of my old phone, scanning for the ingredients I need for dinner—a simple task that brings me a quiet satisfaction, as I'm careful to avoid the allure of enticing deals that often unsettle me.",strong,phone,1,0
3,3,59401,Engage in light reading,"As I sit comfortably in the shade of my small garden, I'm contently skimming through the latest news on my phone, the gentle sunshine and mild temperature making this serene evening feel particularly restorative. My heart swells with fondness for my past, finding solace in the quiet, knowing that these simple moments are what define my days now.",strong,phone,1,0
6,3,59401,Prepare a comfortable sleeping environment,"After a day spent navigating his smartphone and reminding neighbors of potential scams, I'm now comfortably setting up my home for a peaceful evening, the warmth of the sun outside adding to my sense of satisfaction as I prepare for a quiet night.",strong,smartphone,1,0
4,3,61201,Pick up the phone,"I'm sitting comfortably in my quiet home, the sun streaming in through the windows, feeling a sense of relief that today has been peaceful and incident-free. I'm contemplating reaching out to a friend, knowing I enjoy simple, straightforward interactions.",strong,phone,1,0
5,3,70201,Select a suitable time for shopping,"As I ponder my day's quiet moments, feeling a mix of gratitude and a sense of peace, I'm considering the best time to go shopping, taking into account the pleasant sunny weather and my preference for community and family support over tech troubleshooting.",strong,account,1,0
5,3,77401,Pick up the phone and dial a friend's number,"I'm at home in the quiet evening, feeling a mix of contentment and a hint of nostalgia, as I reach for my phone to call a friend and share the day's quiet introspection.",strong,phone,1,0
1,3,79201,Set the bedroom temperature to 23°C,"As I settle into the evening, the peaceful tranquility of a sun-drenched day lingers, and I reach for my phone to adjust the bedroom temperature to a comfortable 23°C. Today's calm was a welcome respite, and though there's a hint of unease about the unknowns of life, I'm content knowing that the world remains steady and secure.",strong,phone,1,0
3,3,84601,Turn off all lights to create a dark environment,"As I settle into the quiet of my home, I'm turning off the lights to create a comforting darkness, a safe space that resonates with my sensitivity to online transactions. My heart feels a mix of contentment and nostalgia, basking in the simplicity of the evening and the peace that comes from memories of my husband and the tranquility of my days.",strong,online,1,0
5,4,19801,Close the bedroom door to ensure privacy and darkness,"As I settle into the morning quiet, the soft sunbeams filter through my window, and I feel a mix of contentment and introspection. It's been a day marked by silence and a longing for simplicity, yet it's also given me a serene moment to appreciate the small joys of life and look forward to tomorrow with a hopeful heart.",strong,privacy,1,0
1,4,32401,Engage in a relaxing activity such as reading or listening to soothing music,"I am taking a leisurely stroll in the park, enjoying the warmth of the sun and a soothing melody from my community choir, feeling the peace of simplicity even though I am slightly anxious about navigating my phone with its small text and tricky verification codes.",strong,phone|verification,2,0
4,4,34201,Check available ingredients in the pantry,"I'm at home, feeling a serene calm as I browse through the simple, no-frills interface of the pantry app, reflecting on the tranquil simplicity of today, grateful for the absence of stress and chaos.",strong,app,1,0
5,4,37801,Check any pending online bill payment,"I'm sipping my morning tea, my spirits are a blend of tranquility and a touch of melancholy. I'm about to check my online bills, a task that can be a bit daunting with all the technical hurdles, but it's part of the daily rhythm I've come to accept.",strong,online|payment,2,0
1,4,39601,Set the room temperature to a comfortable level for sleep,"Today, nestled in the serene comfort of my home, I'm contently adjusting the room's temperature with my trusty old phone, the sunshine warming my face as I reflect on a peaceful day filled with simple joys and the tranquility of the quiet moments.",strong,phone,1,0
6,4,39601,Review shopping list,"I'm leisurely scrolling through my phone, checking my shopping list while the sun shines warmly outside, feeling content with the quiet day and its simple pleasures.",strong,phone,1,1
6,4,46801,Navigate to the nearest shopping center using preferred navigation app,"I'm exploring the sunny afternoon, my mind light and curious, as I use my navigation app to find the closest shopping center. Even though today has been relatively quiet, I'm content, finding solace in the simple act of planning a small outing.",strong,app|navigation app,2,1
3,4,48601,Prepare the bedroom for a comfortable sleep,"In the warmth of the sun-soaked afternoon, I find myself gently tidying the bedroom, my heart weighted by the quiet melancholy that occasionally lifts when I think of my husband. The day has been tranquil, a welcome contrast to the anxiety of online transactions, and now I'm simply savoring the peace and simplicity of preparing for a comfortable night's rest.",strong,online,1,0
4,4,50401,Travel to the selected shopping destination,"As I step out into the sunny afternoon, I feel a mix of calm and gratitude, knowing that today has been relatively incident-free and simple. My mind is set on a peaceful mission: to navigate the familiar world of online shopping from a location I cannot yet see.",strong,online,1,0
6,4,59401,Determine the most urgent shopping needs,"I'm leisurely browsing my smartphone under the sunny sky, my fingers dancing over the screen as I search for the best deals to satisfy my shopping needs. Today, while it's been uneventful, I find myself content with the simple joys, balancing a sense of satisfaction with the day's quietude.",strong,smartphone,1,0
5,4,64801,Check the ingredients in the fridge,"As I scan the fridge, my gentle curiosity stirs in the warm, sunlit kitchen, a peaceful routine punctuated by a day of quiet introspection that's left me feeling both a sense of serene contentment and the subtle threads of nostalgia.",strong,scan,1,0
6,4,68401,Purchase the listed items,"I'm browsing through my phone, exploring new features, feeling a mix of contentment and a hint of disappointment at the quiet day, as I plan my shopping trip under the sunny skies.",strong,phone,1,0
4,4,82801,Perform a brief relaxation exercise,"I'm enjoying a quiet evening, having just wrapped up some simple online tasks with a sense of satisfaction, now feeling a calmness in the serene night air.",strong,online,1,0
4,4,84601,Lie down in bed and start the process of winding down,"It's now 11:30 PM, and I've just put my phone away, feeling a bit of anxiety as I check the lights in the room. With the night's serene warmth and the sun's glow still visible, I find myself settled on the bed, reflecting on the day's quiet simplicity and hoping for a peaceful night's sleep.",strong,phone,1,0
1,5,10801,Review available shopping options online,"I'm sitting comfortably in my cozy living room, the sun streaming in, feeling a serene calm despite the day's tranquility being a rare treat. My fingers hover over the old phone screen, scanning for online shopping deals, but my cautious side keeps a watchful eye out for any potential scams.",strong,online|phone,2,0
6,5,10801,Check if any pending finance tasks are due,"It's late at night, and I'm snug at home, content with the quiet day I've had. I'm checking my phone for any pending financial tasks as I sip on my tea, feeling a sense of satisfaction from today's calm routine.",strong,phone,1,0
4,5,21601,Listen to calming music or nature sounds to enhance relaxation,"I'm sipping my morning coffee in a quiet room, feeling a sense of relief after a peaceful night, as I scroll through my apps with a focus on maintaining a simple and secure online presence.",strong,online,1,0
2,5,27001,Check the ingredients available at home,"This morning, I'm sitting in the quiet of my home, feeling a sense of relief as I scan the pantry for ingredients, my thoughts wandering in a peaceful, uneventful day that I'm grateful for its simplicity.",strong,scan,1,0
1,5,30601,Prepare a healthy meal at home,"This morning, I'm nestled in the comfort of my own home, my fingers deftly working around the familiar buttons of my trusty old phone, my heart brimming with a gentle satisfaction as I prep a nourishing meal for the day ahead. The sun shining outside and the serene peace of the moment are my constant companions, a rare tranquility that fills me with a profound gratitude for the simple joys of life.",strong,phone,1,0
6,5,30601,Relax and take deep breaths to calm down,"""I've just settled into the cool comfort of my home, with the sun streaming in through the window. There's a sense of tranquility as I take a deep breath, my fingers glide across the familiar screen of my phone—today, it's all about chilling and enjoying the small joys of life.""",strong,phone,1,0
4,5,32401,Check the nearest shopping center's opening hours,"After a morning of relative tranquility, I'm feeling relief and contentment, sifting through the apps on my phone to find out the opening hours of the nearest shopping center for my planned grocery run.",strong,phone,1,0
6,5,36001,Select a recipe based on available ingredients,"I'm leisurely perusing my phone, savoring the quiet morning sun streaming through the window, my fingers gently tracing the screen as I consider the ingredients in my fridge for a home-cooked meal.",strong,phone,1,0
4,5,41401,Make the purchases and pay at the checkout,"As I navigate the sunny afternoon with its warm 23C embrace, I find myself contently perusing the straightforward pages of my shopping app, my mind at peace with the day's tranquility and the simplicity of my tasks.",strong,app|pay,2,1
5,5,41401,Prepare a comfortable sleep environment,"challenging myself to understand the new digital apps and online tutorials. Despite my efforts, I sometimes feel overwhelmed by complex instructions and prefer the familiar support of community volunteers and family.",strong,online,1,0
6,5,41401,Serve the cooked dish on a plate,"I'm leisurely at home, the sun shining warmly outside, my fingers deftly navigating my smartphone to set a reminder for the meal I'm about to serve, a satisfying calm wrapping around me after a quiet, contented day.",strong,smartphone,1,0
6,5,55801,Prepare a comfortable sleeping environment,"As the sun sets on this tranquil day, I'm enjoying the warmth of home, my fingers dancing across my smartphone as I fine-tune the settings for a restful night's sleep, feeling a sense of satisfaction in the simple yet satisfying order of the evening.",strong,settings|smartphone,2,0
4,5,61201,Ensure there are enough ingredients available,"As the sun sets, I'm at home, mindfully checking my phone for grocery lists, my fingers moving quickly over the screen. Today feels serene, like a well-earned pause after a long journey, and I'm savoring the simplicity of this quiet, uneventful day.",strong,phone,1,0
1,5,64801,Set an alarm for a reasonable sleep time considering age and current time,"With the sun casting a gentle glow, I'm nestled in my cozy home, content in the silence and warmth, feeling the tranquil peace of the day settle over me like a soft blanket. The familiar clink of the old phone's keys signals the quiet preparation for rest.",strong,phone,1,0
5,5,64801,Consider planning a similar peaceful day for the future,"I've just finished watching a video on a new app that I tried earlier, feeling a bit frustrated with the complexity of it. As I sit in the warm sun outside, I'm relieved to have completed the day with a sense of tranquility, reflecting on the simple pleasures and looking forward to more peaceful days ahead.",strong,app,1,0
6,5,68401,Decide on a meal based on the available ingredients,"As the sun dips lower, I'm comfortably seated at home, my fingers lightly tracing over the familiar buttons of my smartphone. I'm content with the peace of today, appreciating the quiet moments that have given me a chance to ponder life's smaller joys and concerns.",strong,smartphone,1,0
3,5,70201,Pick up the phone and call a friend,"I am sitting in the comfort of my home, the sun setting outside casting a warm glow, feeling a mix of tranquility and nostalgia as I recall my husband, and I'm reaching out to a friend on the phone, my heart lightened by the simplicity of our connection.",strong,phone,1,0
4,5,77401,Set an alarm for a reasonable waking time,"As I settle into the tranquil night, my fingers deftly navigate the simple, straightforward interface of my phone, setting an alarm for a restful sleep, while my thoughts drift back to the peaceful, stress-free simplicity of the day that just passed.",strong,phone,1,0
1,6,3601,Review emails for any urgent matters,"As I sit in the park, the sun shining warmly on my face, I'm feeling a sense of hope and contentment. With my old phone in hand, I'm gently scrolling through emails, appreciating the tranquility of this peaceful afternoon, yet I can't help but feel a hint of anxiety about the day's potential unknowns.",strong,phone,1,0
1,6,7201,Prepare the bedroom for sleep,"As I gently place my old phone aside, I sit in my cozy home, the room bathed in the gentle warmth of the evening sun, and with a heart full of hope, I begin to arrange my bedroom, feeling content that despite the day's tranquility, I'm also anxious about the unforeseen, all while cherishing the calmness and simple joys.",strong,phone,1,0
1,6,14401,Take a few deep breaths to calm the mind,"This morning, as the sun paints a serene picture across the sky, I sit on my favorite park bench, feeling a wave of hope wash over me. With the quiet hum of the city around me and my old phone by my side, I take a deep, calming breath, finding solace in the tranquility that today has brought, despite my anxiety about the unknown.",strong,phone,1,0
1,6,16201,Turn off all electronic devices to reduce exposure to blue light,"As the sun begins to rise and casts a warm glow over my neighborhood, I find myself nestled in the comfort of my living room, turning off my phone with a sense of peace, grateful for the tranquility and a day filled with simple joys, even as I struggle with the anxiety of the day's uncertainties.",strong,phone,1,0
