attempt_uid,exp_id,stage_index,day,t,step,attempt_seq_in_step,agent_id,action,status,emitted,outcome,trigger_result,attempt_detail_available,note
7889369e-0001,7889369e-0b42-414f-bacc-250ba1ca2020,1,0,25201,25201,1,3,Plan to use local stores for convenience,"""As I sit at home this bright morning, the sun's warmth feels reassuring, yet I feel a pang of disappointment, knowing that today I'll navigate the complexities of shopping without my usual confidence, opting for the safety and simplicity of local stores over online transactions.""",1,negative,emitted_negative,1,
7889369e-0002,7889369e-0b42-414f-bacc-250ba1ca2020,1,0,27001,27001,1,1,Check the availability of the shopping center or store,"""I'm standing at the community center, the sun shining warmly, with a gentle smile on my face as I ponder whether to make a trip to the local shopping center. My hands hover over the familiar screen of my old phone, hesitantly checking for any updates that might indicate their favorite store's opening hours.""",1,positive,emitted_positive,1,
7889369e-0003,7889369e-0b42-414f-bacc-250ba1ca2020,1,0,27001,27001,2,6,Go to the supermarket,"""I'm currently feeling a bit let down, as I planned to go shopping but there seems to be nothing particularly interesting happening around me today. The weather is sunny, which is pleasant, but it's not quite enough to cheer me up.""",1,negative,emitted_negative,1,
7889369e-0004,7889369e-0b42-414f-bacc-250ba1ca2020,1,0,27001,27001,3,,,,0,no_event,not_emitted,0,No per-attempt audit for this no-event row; action/status not recoverable.
7889369e-0005,7889369e-0b42-414f-bacc-250ba1ca2020,1,0,27001,27001,4,,,,0,no_event,not_emitted,0,No per-attempt audit for this no-event row; action/status not recoverable.
7889369e-0006,7889369e-0b42-414f-bacc-250ba1ca2020,1,0,28801,28801,1,2,Call a close friend or family member to chat,"""\""I'm enjoying the sunny morning, lounging in my comfortable chair, feeling a sense of relief as I ponder the day's tranquility.\""""",1,negative,emitted_negative,1,
7889369e-0007,7889369e-0b42-414f-bacc-250ba1ca2020,1,0,28801,28801,2,6,Shop for the items on the list,"""This sunny morning at 8 AM, I'm in the midst of shopping, navigating with my trusted maps app as I check off items on my list. Despite my willingness to learn and stay connected, today's routine tasks don't spark any particularly strong feelings or thoughts.""",1,positive,emitted_positive,1,
7889369e-0008,7889369e-0b42-414f-bacc-250ba1ca2020,1,0,28801,28801,3,,,,0,no_event,not_emitted,0,No per-attempt audit for this no-event row; action/status not recoverable.
7889369e-0009,7889369e-0b42-414f-bacc-250ba1ca2020,1,0,30601,30601,1,,,,0,no_event,not_emitted,0,No per-attempt audit for this no-event row; action/status not recoverable.
7889369e-0010,7889369e-0b42-414f-bacc-250ba1ca2020,1,0,32401,32401,1,,,,0,no_event,not_emitted,0,No per-attempt audit for this no-event row; action/status not recoverable.
7889369e-0011,7889369e-0b42-414f-bacc-250ba1ca2020,1,0,32401,32401,2,,,,0,no_event,not_emitted,0,No per-attempt audit for this no-event row; action/status not recoverable.
7889369e-0012,7889369e-0b42-414f-bacc-250ba1ca2020,1,0,45001,45001,1,3,Relax in a comfortable position to wind down,"""I'm at home, feeling a bit anxious because of the sunny weather. I've decided to take it easy, sitting comfortably to unwind and relax, but the uncertainty of the day's plans is weighing on me.""",1,positive,emitted_positive,1,
7889369e-0013,7889369e-0b42-414f-bacc-250ba1ca2020,1,0,46801,46801,1,,,,0,no_event,not_emitted,0,No per-attempt audit for this no-event row; action/status not recoverable.
7889369e-0014,7889369e-0b42-414f-bacc-250ba1ca2020,1,0,48601,48601,1,,,,0,no_event,not_emitted,0,No per-attempt audit for this no-event row; action/status not recoverable.
7889369e-0015,7889369e-0b42-414f-bacc-250ba1ca2020,1,0,50401,50401,1,,,,0,no_event,not_emitted,0,No per-attempt audit for this no-event row; action/status not recoverable.
7889369e-0016,7889369e-0b42-414f-bacc-250ba1ca2020,1,0,52201,52201,1,3,Prepare bed for sleeping,"""I'm carefully preparing my bed for the night, feeling a sense of fear as the thought of potential online scams crosses my mind amidst the serene sunlight outside. It's quiet, but the uncertainty in handling anything complex on my phone lingers with me.""",1,negative,emitted_negative,1,
7889369e-0017,7889369e-0b42-414f-bacc-250ba1ca2020,1,0,57601,57601,1,,,,0,no_event,not_emitted,0,No per-attempt audit for this no-event row; action/status not recoverable.
7889369e-0018,7889369e-0b42-414f-bacc-250ba1ca2020,1,0,59401,59401,1,,,,0,no_event,not_emitted,0,No per-attempt audit for this no-event row; action/status not recoverable.
7889369e-0019,7889369e-0b42-414f-bacc-250ba1ca2020,1,0,61201,61201,1,,,,0,no_event,not_emitted,0,No per-attempt audit for this no-event row; action/status not recoverable.
7889369e-0020,7889369e-0b42-414f-bacc-250ba1ca2020,1,0,63001,63001,1,,,,0,no_event,not_emitted,0,No per-attempt audit for this no-event row; action/status not recoverable.
7889369e-0021,7889369e-0b42-414f-bacc-250ba1ca2020,1,0,64801,64801,1,,,,0,no_event,not_emitted,0,No per-attempt audit for this no-event row; action/status not recoverable.
7889369e-0022,7889369e-0b42-414f-bacc-250ba1ca2020,1,0,64801,64801,2,,,,0,no_event,not_emitted,0,No per-attempt audit for this no-event row; action/status not recoverable.
7889369e-0023,7889369e-0b42-414f-bacc-250ba1ca2020,1,0,66601,66601,1,,,,0,no_event,not_emitted,0,No per-attempt audit for this no-event row; action/status not recoverable.
7889369e-0024,7889369e-0b42-414f-bacc-250ba1ca2020,1,0,66601,66601,2,,,,0,no_event,not_emitted,0,No per-attempt audit for this no-event row; action/status not recoverable.
7889369e-0025,7889369e-0b42-414f-bacc-250ba1ca2020,1,0,68401,68401,1,,,,0,no_event,not_emitted,0,No per-attempt audit for this no-event row; action/status not recoverable.
7889369e-0026,7889369e-0b42-414f-bacc-250ba1ca2020,1,1,5401,105401,1,,,,0,no_event,not_emitted,0,No per-attempt audit for this no-event row; action/status not recoverable.
7889369e-0027,7889369e-0b42-414f-bacc-250ba1ca2020,1,1,9001,109001,1,,,,0,no_event,not_emitted,0,No per-attempt audit for this no-event row; action/status not recoverable.
7889369e-0028,7889369e-0b42-414f-bacc-250ba1ca2020,1,1,12601,112601,1,,,,0,no_event,not_emitted,0,No per-attempt audit for this no-event row; action/status not recoverable.
7889369e-0029,7889369e-0b42-414f-bacc-250ba1ca2020,1,1,18001,118001,1,5,Stay at home,"""As I sit in the quiet comfort of my home on this sunny morning, I feel a touch of disappointment, yet content with the peaceful simplicity of today. The lack of excitement is oddly satisfying, and I'm inclined to stay here, perhaps sipping on a cup of tea and enjoying the tranquility.""",1,negative,emitted_negative,1,
7889369e-0030,7889369e-0b42-414f-bacc-250ba1ca2020,1,1,19801,119801,1,,,,0,no_event,not_emitted,0,No per-attempt audit for this no-event row; action/status not recoverable.
7889369e-0031,7889369e-0b42-414f-bacc-250ba1ca2020,2,1,34201,134201,1,3,Travel to the nearest grocery store,"""I'm out for a walk on a sunny morning, feeling the warmth of the 23-degree day. My spirits are lifted by the tranquility of this quiet day, a welcome break from the heightened vigilance I've adopted after a past scare with online fraud.""",1,negative,emitted_negative,1,
7889369e-0032,7889369e-0b42-414f-bacc-250ba1ca2020,2,1,36001,136001,1,3,Create a peaceful environment,"""As I sit comfortably at home in this sunny, tranquil morning, I find myself feeling a gentle disappointment that today has been so quiet, yet a soothing relief washes over me, knowing there's no worry to stir the waters of my otherwise calm day.""",1,negative,emitted_negative,1,
7889369e-0033,7889369e-0b42-414f-bacc-250ba1ca2020,2,1,36001,136001,2,5,Relax and sit comfortably at home,"""As I sit comfortably at home on this sunny day, a feeling of Equanimity washes over me, the quiet simplicity of the day resonating with my need for relaxation and safety. I find myself a bit distressed by the absence of significant events, content to just remain in this state of balance.""",1,negative,emitted_negative,1,
7889369e-0034,7889369e-0b42-414f-bacc-250ba1ca2020,2,1,39601,139601,1,2,Begin to wind down and relax,"""I'm sitting in my living room, the sun streaming in, feeling a sense of calm and contentment after a day that passed with little drama, my patience tested by the minor frustrations of modern technology.""",1,positive,emitted_positive,1,
7889369e-0035,7889369e-0b42-414f-bacc-250ba1ca2020,2,1,45001,145001,1,,,,0,no_event,not_emitted,0,No per-attempt audit for this no-event row; action/status not recoverable.
7889369e-0036,7889369e-0b42-414f-bacc-250ba1ca2020,2,1,48601,148601,1,2,Relax and prepare for sleep,"""I'm sitting in my home, the sun shining warmly through the window, my body comfortably settling into the familiar routine of relaxation. As I reflect on the day, I feel a sense of quiet contentment, the tranquility of a day with no major events, just the soothing repetition of daily life.""",1,positive,emitted_positive,1,
7889369e-0037,7889369e-0b42-414f-bacc-250ba1ca2020,2,1,64801,164801,1,,,,0,no_event,not_emitted,0,No per-attempt audit for this no-event row; action/status not recoverable.
7889369e-0038,7889369e-0b42-414f-bacc-250ba1ca2020,2,1,68401,168401,1,6,Relax and enjoy the tranquil evening at home,"""I'm comfortably seated at home, the sun casting a warm glow through the window, feeling a contentment wash over me as I reflect on the day's peaceful events.""",1,negative,emitted_negative,1,
7889369e-0039,7889369e-0b42-414f-bacc-250ba1ca2020,2,1,68401,168401,2,,,,0,no_event,not_emitted,0,No per-attempt audit for this no-event row; action/status not recoverable.
7889369e-0040,7889369e-0b42-414f-bacc-250ba1ca2020,2,1,68401,168401,3,,,,0,no_event,not_emitted,0,No per-attempt audit for this no-event row; action/status not recoverable.
7889369e-0041,7889369e-0b42-414f-bacc-250ba1ca2020,2,1,70201,170201,1,,,,0,no_event,not_emitted,0,No per-attempt audit for this no-event row; action/status not recoverable.
7889369e-0042,7889369e-0b42-414f-bacc-250ba1ca2020,2,1,81001,181001,1,5,Perform relaxation techniques,"""I'm settled in my cozy home, the sun still shining through the window, as I reflect on the tranquil day. Despite my curiosity for learning, the lack of urgency in the tasks ahead has me contently practicing some relaxation techniques, feeling a serene balance within me.""",1,positive,emitted_positive,1,
7889369e-0043,7889369e-0b42-414f-bacc-250ba1ca2020,2,2,1801,201801,1,,,,0,no_event,not_emitted,0,No per-attempt audit for this no-event row; action/status not recoverable.
7889369e-0044,7889369e-0b42-414f-bacc-250ba1ca2020,2,2,1801,201801,2,,,,0,no_event,not_emitted,0,No per-attempt audit for this no-event row; action/status not recoverable.
7889369e-0045,7889369e-0b42-414f-bacc-250ba1ca2020,2,2,3601,203601,1,,,,0,no_event,not_emitted,0,No per-attempt audit for this no-event row; action/status not recoverable.
7889369e-0046,7889369e-0b42-414f-bacc-250ba1ca2020,2,2,5401,205401,1,1,Prepare a nutritious meal suitable for the weather,"""I'm sipping on a cool drink while strolling through the sunny park, feeling a contented relief from the quiet solitude, as I plan a simple yet nourishing dinner at home.""",1,negative,emitted_negative,1,
7889369e-0047,7889369e-0b42-414f-bacc-250ba1ca2020,2,2,5401,205401,2,,,,0,no_event,not_emitted,0,No per-attempt audit for this no-event row; action/status not recoverable.
7889369e-0048,7889369e-0b42-414f-bacc-250ba1ca2020,2,2,7201,207201,1,,,,0,no_event,not_emitted,0,No per-attempt audit for this no-event row; action/status not recoverable.
7889369e-0049,7889369e-0b42-414f-bacc-250ba1ca2020,2,2,9001,209001,1,,,,0,no_event,not_emitted,0,No per-attempt audit for this no-event row; action/status not recoverable.
7889369e-0050,7889369e-0b42-414f-bacc-250ba1ca2020,2,2,12601,212601,1,,,,0,no_event,not_emitted,0,No per-attempt audit for this no-event row; action/status not recoverable.
7889369e-0051,7889369e-0b42-414f-bacc-250ba1ca2020,2,2,14401,214401,1,4,Ensure the bedroom is comfortable for sleep,"""I am now settling into my quiet evening, feeling a blend of contentment and mild anxiety about the day's tranquility. As I prepare for bed, I'm mindful of ensuring my sleeping space is serene and orderly.""",1,positive,emitted_positive,1,
7889369e-0052,7889369e-0b42-414f-bacc-250ba1ca2020,3,2,39601,239601,1,,,,0,no_event,not_emitted,0,No per-attempt audit for this no-event row; action/status not recoverable.
7889369e-0053,7889369e-0b42-414f-bacc-250ba1ca2020,3,2,52201,252201,1,,,,0,no_event,not_emitted,0,No per-attempt audit for this no-event row; action/status not recoverable.
7889369e-0054,7889369e-0b42-414f-bacc-250ba1ca2020,3,2,52201,252201,2,,,,0,no_event,not_emitted,0,No per-attempt audit for this no-event row; action/status not recoverable.
7889369e-0055,7889369e-0b42-414f-bacc-250ba1ca2020,3,2,70201,270201,1,,,,0,no_event,not_emitted,0,No per-attempt audit for this no-event row; action/status not recoverable.
7889369e-0056,7889369e-0b42-414f-bacc-250ba1ca2020,3,2,81001,281001,1,,,,0,no_event,not_emitted,0,No per-attempt audit for this no-event row; action/status not recoverable.
7889369e-0057,7889369e-0b42-414f-bacc-250ba1ca2020,3,2,82801,282801,1,,,,0,no_event,not_emitted,0,No per-attempt audit for this no-event row; action/status not recoverable.
7889369e-0058,7889369e-0b42-414f-bacc-250ba1ca2020,3,2,82801,282801,2,,,,0,no_event,not_emitted,0,No per-attempt audit for this no-event row; action/status not recoverable.
7889369e-0059,7889369e-0b42-414f-bacc-250ba1ca2020,3,3,1801,301801,1,1,"Prepare a simple meal considering the time and ease, given the current age and retirement status","""\""I'm settled at home, the weather is delightful and the sun is soft, preparing a simple meal, knowing it's not too strenuous. It's a peaceful time of day, and the quiet solitude brings a sense of relief and contentment.\""""",1,positive,emitted_positive,1,
7889369e-0060,7889369e-0b42-414f-bacc-250ba1ca2020,3,3,1801,301801,2,,,,0,no_event,not_emitted,0,No per-attempt audit for this no-event row; action/status not recoverable.
7889369e-0061,7889369e-0b42-414f-bacc-250ba1ca2020,3,3,1801,301801,3,,,,0,no_event,not_emitted,0,No per-attempt audit for this no-event row; action/status not recoverable.
7889369e-0062,7889369e-0b42-414f-bacc-250ba1ca2020,3,3,10801,310801,1,,,,0,no_event,not_emitted,0,No per-attempt audit for this no-event row; action/status not recoverable.
7889369e-0063,7889369e-0b42-414f-bacc-250ba1ca2020,3,3,12601,312601,1,,,,0,no_event,not_emitted,0,No per-attempt audit for this no-event row; action/status not recoverable.
